{
  "by_target": [
    {
      "target": 0.7,
      "taus": {
        "exact": -1.0,
        "fine": -1.0,
        "region": 0.0013210379984229803,
        "coarse": 0.007199855521321297
      },
      "fixed_exact": {
        "cov": 0.6159420289855072,
        "size": 50.0,
        "med": 50.0,
        "full": 1.0,
        "res": 1.0
      },
      "fixed_coarse": {
        "cov": 0.6557971014492754,
        "size": 8.847826086956522,
        "med": 5.0,
        "full": 0.0,
        "res": 0.7
      },
      "adaptive": {
        "cov": 0.677536231884058,
        "cov_hasgold": 0.677536231884058,
        "size": 10.144927536231885,
        "med": 8.0,
        "mean_resolution": 0.7322463768115943,
        "dist": {
          "exact": 0.0,
          "fine": 0.0,
          "region": 0.322463768115942,
          "coarse": 0.677536231884058
        }
      }
    },
    {
      "target": 0.8,
      "taus": {
        "exact": -1.0,
        "fine": -1.0,
        "region": 0.0009327688021585345,
        "coarse": 0.0017020822269842029
      },
      "fixed_exact": {
        "cov": 0.6159420289855072,
        "size": 50.0,
        "med": 50.0,
        "full": 1.0,
        "res": 1.0
      },
      "fixed_coarse": {
        "cov": 0.7318840579710145,
        "size": 16.134057971014492,
        "med": 12.0,
        "full": 0.0,
        "res": 0.7
      },
      "adaptive": {
        "cov": 0.7318840579710145,
        "cov_hasgold": 0.7318840579710145,
        "size": 16.213768115942027,
        "med": 12.0,
        "mean_resolution": 0.7018115942028987,
        "dist": {
          "exact": 0.0,
          "fine": 0.0,
          "region": 0.018115942028985508,
          "coarse": 0.9818840579710145
        }
      }
    },
    {
      "target": 0.9,
      "taus": {
        "exact": -1.0,
        "fine": -1.0,
        "region": -1.0,
        "coarse": 0.000927491404581815
      },
      "fixed_exact": {
        "cov": 0.6159420289855072,
        "size": 50.0,
        "med": 50.0,
        "full": 1.0,
        "res": 1.0
      },
      "fixed_coarse": {
        "cov": 0.8876811594202898,
        "size": 30.03985507246377,
        "med": 31.0,
        "full": 0.0,
        "res": 0.7
      },
      "adaptive": {
        "cov": 0.8876811594202898,
        "cov_hasgold": 0.8876811594202898,
        "size": 30.03985507246377,
        "med": 31.0,
        "mean_resolution": 0.7000000000000002,
        "dist": {
          "exact": 0.0,
          "fine": 0.0,
          "region": 0.0,
          "coarse": 1.0
        }
      }
    }
  ],
  "triage_frontier": {
    "all": {
      "n": 276,
      "frontier": {
        "p>=0.90": {
          "w=1.0": 0.0,
          "w=0.9": 0.0,
          "w=0.8": 0.0036231884057971015,
          "w=0.7": 0.38768115942028986
        },
        "p>=0.80": {
          "w=1.0": 0.0,
          "w=0.9": 0.0,
          "w=0.8": 0.19927536231884058,
          "w=0.7": 0.532608695652174
        },
        "p>=0.70": {
          "w=1.0": 0.0,
          "w=0.9": 0.0,
          "w=0.8": 0.38768115942028986,
          "w=0.7": 0.75
        }
      }
    },
    "well_formed": {
      "n": 100,
      "frontier": {
        "p>=0.90": {
          "w=1.0": 0.0,
          "w=0.9": 0.0,
          "w=0.8": 1.0,
          "w=0.7": 1.0
        },
        "p>=0.80": {
          "w=1.0": 0.0,
          "w=0.9": 1.0,
          "w=0.8": 1.0,
          "w=0.7": 1.0
        },
        "p>=0.70": {
          "w=1.0": 0.0,
          "w=0.9": 1.0,
          "w=0.8": 1.0,
          "w=0.7": 1.0
        }
      }
    },
    "degenerate": {
      "n": 176,
      "frontier": {
        "p>=0.90": {
          "w=1.0": 0.0,
          "w=0.9": 0.0,
          "w=0.8": 0.0,
          "w=0.7": 0.18181818181818182
        },
        "p>=0.80": {
          "w=1.0": 0.0,
          "w=0.9": 0.0,
          "w=0.8": 0.0,
          "w=0.7": 0.2556818181818182
        },
        "p>=0.70": {
          "w=1.0": 0.0,
          "w=0.9": 0.0,
          "w=0.8": 0.0,
          "w=0.7": 0.32386363636363635
        }
      }
    }
  },
  "split": {
    "well_formed": 100,
    "degenerate": 176
  }
}