{
  "AURC_wp": 0.1525124703118721,
  "AURC_exact": 0.9565127513154894,
  "meanWP_all": 0.7832023501396179,
  "exact_top1_all": 0.054347824305295944,
  "ECE_exact": 0.06011001337157643,
  "frontier": {
    "exact": {
      "set_size": [
        28.8,
        30.3,
        32.2,
        34.0,
        35.1,
        36.8,
        38.6,
        50.0,
        50.0,
        50.0,
        50.0,
        50.0,
        50.0,
        50.0,
        50.0,
        50.0,
        50.0,
        50.0,
        50.0,
        50.0,
        50.0,
        50.0,
        50.0,
        50.0
      ],
      "coverage": [
        0.442,
        0.457,
        0.475,
        0.5,
        0.522,
        0.562,
        0.601,
        0.616,
        0.616,
        0.616,
        0.616,
        0.616,
        0.616,
        0.616,
        0.616,
        0.616,
        0.616,
        0.616,
        0.616,
        0.616,
        0.616,
        0.616,
        0.616,
        0.616
      ]
    },
    "WP0.9": {
      "set_size": [
        26.5,
        28.2,
        29.8,
        32.0,
        33.9,
        35.1,
        36.4,
        37.4,
        50.0,
        50.0,
        50.0,
        50.0,
        50.0,
        50.0,
        50.0,
        50.0,
        50.0,
        50.0,
        50.0,
        50.0,
        50.0,
        50.0,
        50.0,
        50.0
      ],
      "coverage": [
        0.489,
        0.493,
        0.496,
        0.522,
        0.554,
        0.576,
        0.605,
        0.627,
        0.652,
        0.652,
        0.652,
        0.652,
        0.652,
        0.652,
        0.652,
        0.652,
        0.652,
        0.652,
        0.652,
        0.652,
        0.652,
        0.652,
        0.652,
        0.652
      ]
    },
    "WP0.8": {
      "set_size": [
        6.6,
        7.0,
        8.8,
        10.0,
        11.2,
        12.5,
        13.1,
        15.0,
        16.1,
        17.8,
        19.2,
        21.6,
        22.9,
        25.7,
        27.8,
        30.5,
        33.9,
        35.7,
        50.0,
        50.0,
        50.0,
        50.0,
        50.0,
        50.0
      ],
      "coverage": [
        0.496,
        0.507,
        0.547,
        0.576,
        0.58,
        0.591,
        0.591,
        0.605,
        0.62,
        0.638,
        0.652,
        0.67,
        0.685,
        0.699,
        0.728,
        0.739,
        0.772,
        0.801,
        0.859,
        0.859,
        0.859,
        0.859,
        0.859,
        0.859
      ]
    },
    "WP0.7": {
      "set_size": [
        3.5,
        3.9,
        4.3,
        4.6,
        5.0,
        5.4,
        5.8,
        6.4,
        7.3,
        8.2,
        9.1,
        10.2,
        12.2,
        13.5,
        15.4,
        16.4,
        17.7,
        18.6,
        20.5,
        27.9,
        30.5,
        35.1,
        50.0,
        50.0
      ],
      "coverage": [
        0.467,
        0.489,
        0.504,
        0.518,
        0.529,
        0.565,
        0.572,
        0.601,
        0.627,
        0.649,
        0.663,
        0.678,
        0.703,
        0.707,
        0.732,
        0.732,
        0.746,
        0.757,
        0.783,
        0.88,
        0.891,
        0.928,
        0.96,
        0.96
      ]
    }
  }
}